{
  "v": "5.6.5",
  "fr": 60,
  "ip": 0,
  "op": 180,
  "w": 32,
  "h": 32,
  "nm": "arrow-down",
  "ddd": 0,
  "assets": [],
  "layers": [
    {
      "ddd": 0,
      "ind": 1,
      "ty": 4,
      "nm": "arrow-down",
      "sr": 1,
      "ks": {
        "o": {
          "a": 1,
          "k": [
            { "i": { "x": [0.667], "y": [1] }, "o": { "x": [0.725], "y": [0] }, "t": 150, "s": [100] },
            { "t": 179, "s": [0] }
          ],
          "ix": 11
        },
        "r": { "a": 0, "k": 0, "ix": 10 },
        "p": { "a": 0, "k": [16, 16, 0], "ix": 2 },
        "a": { "a": 0, "k": [12, 12, 0], "ix": 1 },
        "s": { "a": 0, "k": [100, 100, 100], "ix": 6 }
      },
      "ao": 0,
      "shapes": [
        {
          "ty": "gr",
          "it": [
            {
              "ind": 0,
              "ty": "sh",
              "ix": 1,
              "ks": {
                "a": 0,
                "k": {
                  "i": [[0, 0], [0, 0], [0, 0]],
                  "o": [[0, 0], [0, 0], [0, 0]],
                  "v": [[6, -3], [0, 3], [-6, -3]],
                  "c": false
                },
                "ix": 2
              },
              "nm": "Path 1",
              "mn": "ADBE Vector Shape - Group",
              "hd": false
            },
            {
              "ty": "tm",
              "s": {
                "a": 1,
                "k": [
                  { "i": { "x": [0], "y": [1] }, "o": { "x": [0.167], "y": [0.167] }, "t": 60, "s": [50] },
                  { "t": 120, "s": [0] }
                ],
                "ix": 1
              },
              "e": {
                "a": 1,
                "k": [
                  { "i": { "x": [0], "y": [1] }, "o": { "x": [0.167], "y": [0.167] }, "t": 60, "s": [50] },
                  { "t": 120, "s": [100] }
                ],
                "ix": 2
              },
              "o": { "a": 0, "k": 0, "ix": 3 },
              "m": 1,
              "ix": 2,
              "nm": "Trim Paths 1",
              "mn": "ADBE Vector Filter - Trim",
              "hd": false
            },
            {
              "ty": "st",
              "c": { "a": 0, "k": [1, 1, 1, 1], "ix": 3 },
              "o": { "a": 0, "k": 100, "ix": 4 },
              "w": { "a": 0, "k": 2, "ix": 5 },
              "lc": 2,
              "lj": 2,
              "bm": 0,
              "nm": "Stroke 1",
              "mn": "ADBE Vector Graphic - Stroke",
              "hd": false
            },
            {
              "ty": "tr",
              "p": { "a": 0, "k": [12, 17], "ix": 2 },
              "a": { "a": 0, "k": [0, 0], "ix": 1 },
              "s": { "a": 0, "k": [100, 100], "ix": 3 },
              "r": { "a": 0, "k": 0, "ix": 6 },
              "o": { "a": 0, "k": 100, "ix": 7 },
              "sk": { "a": 0, "k": 0, "ix": 4 },
              "sa": { "a": 0, "k": 0, "ix": 5 },
              "nm": "Transform"
            }
          ],
          "nm": "arrow",
          "np": 3,
          "cix": 2,
          "bm": 0,
          "ix": 1,
          "mn": "ADBE Vector Group",
          "hd": false
        },
        {
          "ty": "gr",
          "it": [
            {
              "ind": 0,
              "ty": "sh",
              "ix": 1,
              "ks": {
                "a": 0,
                "k": {
                  "i": [[0, 0], [0, 0]],
                  "o": [[0, 0], [0, 0]],
                  "v": [[12, 4], [12, 20]],
                  "c": false
                },
                "ix": 2
              },
              "nm": "Path 1",
              "mn": "ADBE Vector Shape - Group",
              "hd": false
            },
            {
              "ty": "tm",
              "s": { "a": 0, "k": 0, "ix": 1 },
              "e": {
                "a": 1,
                "k": [
                  { "i": { "x": [0.833], "y": [0.833] }, "o": { "x": [1], "y": [0] }, "t": 0, "s": [0] },
                  { "t": 60, "s": [100] }
                ],
                "ix": 2
              },
              "o": { "a": 0, "k": 0, "ix": 3 },
              "m": 1,
              "ix": 2,
              "nm": "Trim Paths 1",
              "mn": "ADBE Vector Filter - Trim",
              "hd": false
            },
            {
              "ty": "st",
              "c": { "a": 0, "k": [1, 1, 1, 1], "ix": 3 },
              "o": { "a": 0, "k": 100, "ix": 4 },
              "w": { "a": 0, "k": 2, "ix": 5 },
              "lc": 2,
              "lj": 2,
              "bm": 0,
              "nm": "Stroke 1",
              "mn": "ADBE Vector Graphic - Stroke",
              "hd": false
            },
            {
              "ty": "tr",
              "p": { "a": 0, "k": [0, 0], "ix": 2 },
              "a": { "a": 0, "k": [0, 0], "ix": 1 },
              "s": { "a": 0, "k": [100, 100], "ix": 3 },
              "r": { "a": 0, "k": 0, "ix": 6 },
              "o": {
                "a": 1,
                "k": [
                  { "i": { "x": [0], "y": [1] }, "o": { "x": [0.505], "y": [0] }, "t": 0, "s": [0] },
                  { "t": 60, "s": [100] }
                ],
                "ix": 7
              },
              "sk": { "a": 0, "k": 0, "ix": 4 },
              "sa": { "a": 0, "k": 0, "ix": 5 },
              "nm": "Transform"
            }
          ],
          "nm": "arrow leg",
          "np": 3,
          "cix": 2,
          "bm": 0,
          "ix": 2,
          "mn": "ADBE Vector Group",
          "hd": false
        }
      ],
      "ip": 0,
      "op": 180,
      "st": 0,
      "bm": 0
    }
  ],
  "markers": []
}
